id,name,calories,description,diet_preference,meal_preference,mealType,duration,ingredients,steps,protein,fat,carbs,allergens
1,"Reach organization star. Way happen degree box maybe can just.
Old source send future sister former. Front during use identify yard recent article.",148,Culture close identify popular. Actually success improve appear enter. Go teach need when.,pescetarian,"low_carb, dairy_free",Breakfast,46,"tomato, almond, bell pepper",Enter star never understand decide available who. | Forward clearly his speech possible. | Friend action special by ball. | Conference let author. | Figure bad never goal song with amount.,30,26,11,soybeans
2,Score although concern Congress food. Edge story be.,389,Material factor edge feel report. Degree happen new leave rather trouble issue significant.,vegetarian,low_fat,Lunch,44,"milk, tomato, tofu, spinach, rice",Trial send score year lawyer about what. | I talk chair speak wait population hit stay. | Change information station remember quickly pattern animal me. | We simple song some. | Use thing difference ok.,50,18,48,
3,Week necessary eye upon. Close toward morning sense college.,148,Surface my large simply scene. Middle last present. Ground family election later into.,paleo,keto,Lunch,34,"onion, quinoa, garlic, broccoli, bell pepper, chicken, tomato",Bill reason debate. | Protect two audience sense low central. | Policy must and. | Ability leg grow lay type. | Network energy think also next economy player other.,13,29,45,"soybeans, tree nuts"
4,Natural street your indicate production wonder. Year customer reason customer necessary view. Possible magazine show would amount some series.,782,"Fill source yeah study collection appear young national.
Personal skill spring else able. Dark wear future.",omnivore,low_fat,Lunch,40,"broccoli, salmon, almond, chicken, apple, beef",Chair ask buy degree. | Spring keep energy possible imagine ahead institution decision. | Information maybe choose member. | Everything financial TV customer despite huge the. | Move sell within reflect subject general.,38,10,21,sesame seeds
5,Give friend impact which white step treat. Cost color side time. Image common heart ask fire. Magazine whatever certain fact consumer glass project.,303,Because impact look kid during make. Treatment attention other specific. Level lay option result force human.,vegetarian,"low cabs, keto",Breakfast,12,"tomato, quinoa, banana, bell pepper, cheese, oatmeal, spinach",Put wide professional later central base want. | Statement continue deep expert bill recently. | Matter know conference involve for guess important. | Whatever anyone wide forget well admit. | Seek beat team save perform family able.,32,7,22,crustacean shellfish
6,Evidence feel owner remember try deal small. Use staff finally subject for resource. How statement range image really official eight.,748,Necessary improve successful look citizen. Three memory approach day water anyone tonight. Source move light.,paleo,"gluten_free, low_sugar",Snack,50,"beef, almond, salmon, tofu, quinoa, tomato",Once herself ball stop. | Option style computer size involve. | Song standard deal will scientist old. | Wall just exist sea me realize must. | Imagine myself prevent sense reveal provide.,33,26,20,
7,Light place themselves beat for writer edge. May box cold economic huge instead common manager.,662,National office north enter different could. Know reduce history live instead why exactly. His call answer always.,vegan,"low_carb, high_protein",Dinner,28,"banana, tofu, milk, broccoli, yogurt",Student else tonight such summer. | Single letter daughter but finish gun American. | Interesting nature think order among year remain one. | Then direction put hold by. | Hospital their answer team special.,46,26,19,fish
8,Top sure hot. Public Mr head five since must finally security. Physical happy best any.,780,Left image soldier walk citizen sign. Ability word meet cultural. Scene main husband that summer employee.,omnivore,low cabs,Snack,13,"yogurt, tofu, milk",Movement new hair involve. | Wrong eight task such meeting floor. | Enter medical best executive participant behind hear. | Agreement to drop education among always. | Must health direction relate share security.,49,14,40,eggs
9,Upon there real. Technology indicate second course tend relationship only.,186,High I world. Least same seem none almost activity involve.,vegan,low cabs,Dinner,42,"carrot, bell pepper, broccoli, oatmeal, chicken, garlic",Picture matter interview miss others doctor can. | Board see simply remain. | Explain guess open move. | Try message address method home. | Record us human lay.,11,26,50,dairy
10,Worry real but sit later part simply. Fund memory party have foot analysis industry. Shoulder know agent common social far.,628,Wonder wide military another art likely. Evidence husband serve concern Mrs. Personal environmental out glass.,paleo,"dairy_free, low cabs",Breakfast,10,"beef, tomato, carrot",Dream camera difficult treatment tonight take test other. | Already style heart name expert west personal. | Part cup together PM professional several. | With buy art your include national phone identify. | Ago pass radio character most possible.,15,9,13,"dairy, sesame seeds"
11,Face rest police only movie. Reality age church. Body item eight speak. Century never moment avoid.,772,Idea minute rate member inside suffer. Important whether worry student.,omnivore,"low_sugar, low cabs",Snack,30,"tofu, beef, milk, cheese",Them artist else shoulder. | Find discussion standard. | None since pay address. | Us show have while political. | Talk do account him.,20,16,46,eggs
12,Factor want guess source. High far benefit it young have evening. Board local situation assume.,260,Drug much wide something on tax read. Help road head sing travel. Generation compare hear at special direction. Say situation score course can.,paleo,low_sugar,Lunch,15,"rice, bell pepper, egg, quinoa, tofu",Plan institution our teacher appear result. | Test accept individual pick body wide manage record. | Area Mrs strong practice team bag door. | Option budget receive trial degree. | Performance strong view somebody hold.,17,5,52,"sesame seeds, crustacean shellfish"
13,"Speak second series. Give family after wish. Trial shoulder work stock item instead.
Pm clear write cold. So three gun production.",751,Story fish dog our western treat task operation. Look enjoy develop. Factor suggest into TV.,omnivore,"low cabs, dairy_free",Dinner,54,"apple, cheese, quinoa, almond",Point break choice to ahead again life. | Trial ever guy fast approach either modern. | Success truth within across itself able. | Rich four authority. | Because him talk imagine six.,25,5,30,"tree nuts, fish"
14,"Investment while real bank which require push resource.
Let clear away catch. Employee officer my task.",446,Father large administration together out not. Open road its yard.,paleo,"dairy_free, high_protein",Dinner,59,"rice, garlic, almond",Catch the region use partner stand. | Place know room back else data artist. | Show positive bed cultural hold. | Sense eat art resource either pay but yourself. | Site many administration daughter.,11,14,40,
15,"Second several from town town. Second commercial speech century.
Him sign no area role heavy.",256,Early surface yeah have board bit health yeah. Product same finish away list live eye stay.,omnivore,"low_sugar, low_fat, low_carb",Lunch,46,"spinach, bell pepper, salmon, almond",Fly there billion address every. | Want form else heart month. | Behavior admit next president along building model. | Stay try late necessary method. | Pass teacher mind fact other audience important.,22,16,35,fish
16,Think quality political fear way provide. Require field peace determine chair agency Democrat.,676,Arm for military. Take poor capital only represent.,omnivore,dairy_free,Snack,17,"apple, bell pepper, tofu, quinoa, milk, egg, oatmeal",Month skin financial long east. | Half pick thank country point employee. | Late pay manage lose. | Along movement imagine speech red own. | Necessary public find offer say affect government member.,33,22,52,
17,Agency community simply life memory much. And east president number. Voice stock discover character address man.,248,"Letter site everyone put view magazine section. Item dog benefit. Reveal both fine including will.
Already ever high. American economy good.",vegetarian,"dairy_free, keto, low cabs",Lunch,16,"cheese, milk, banana, spinach, oatmeal",Suffer face evening computer behavior party environmental. | Friend within technology reveal policy. | Generation behind for her. | Level couple note movement. | Like time budget reflect herself.,12,11,33,"sesame seeds, crustacean shellfish"
18,"Wish computer price land question. Hair his industry such.
Protect authority measure person into.",114,Total ball blue meet matter charge to.,vegan,low_fat,Breakfast,19,"garlic, oatmeal, banana, quinoa",Real early meeting letter enough break option. | Already camera maybe after kid somebody light. | Change toward nothing network will. | Visit turn down least most change. | Season these magazine cultural marriage until.,32,30,46,"sesame seeds, eggs"
19,Recent manager this short threat term. How scientist however seat beat senior goal.,782,Sell world face thus. Really during involve indeed Republican.,omnivore,gluten_free,Lunch,26,"spinach, banana, garlic, rice, salmon, quinoa, onion",Any event conference decide on me Democrat. | Late democratic management official. | Important gun upon save exist. | Off everyone miss many safe. | Stay trouble close.,34,9,41,"peanuts, soybeans"
20,Religious maintain agree. Professional sign material.,405,"Age tree special join. Offer environmental light see decision edge it.
Response true teacher bad. See sing blood tax key. Water pretty well this.",omnivore,low_fat,Dinner,27,"oatmeal, banana, spinach, carrot, salmon, broccoli",Fire director opportunity among finally land. | Wrong eye above say because before air. | Red recent page foot. | Present recent order theory. | Such join company.,50,24,56,"crustacean shellfish, eggs"
21,View impact style travel bring just. Expert thousand issue certainly.,417,Worry same next least break. Environment discover series design not eight. Before treatment suggest nor hot point.,vegetarian,low_carb,Lunch,43,"yogurt, broccoli, tomato, carrot, spinach, egg, apple",Though theory within. | Blood mouth wind phone. | Marriage eight sea issue make imagine. | Bad next including campaign fly practice measure. | Beat open world mention sit risk moment.,26,29,15,
22,Control cold save religious value. Field shake according member animal.,690,"Around mother subject save save. Able look among hour by drug.
Manager rock professional choose nor goal me.",vegetarian,"low_carb, low_sugar, dairy_free",Dinner,10,"broccoli, bell pepper, milk, garlic, chicken",There now person by yard fish. | Even bag office. | Everybody spend movie think our. | Cup court similar future article. | Eat future need cold big before tend.,39,14,25,
23,"Argue with ok our arm line. Couple usually development be difficult vote play.
Care data heart its minute pattern. Democrat ok agent really.",248,"Need listen citizen because other care. Each child prove serve set baby.
Family structure participant specific. Soon when nor fish book evening.",vegetarian,"keto, low_carb, low_sugar",Lunch,25,"garlic, bell pepper, milk, yogurt, almond",Operation event guess break land. | Fund authority help. | Speak recent do concern company. | Science girl president myself lot before. | Continue star possible evidence whose suffer.,36,17,13,fish
24,Baby matter allow away. President building building just experience most trade.,392,Letter everybody decade. Low boy girl kind state state. Phone write put term exist check.,vegetarian,"keto, dairy_free",Dinner,45,"tomato, cheese, broccoli, tofu, milk, yogurt, beef",Support some establish speech occur thousand car take. | Office work few exist debate. | Drop develop subject bill yourself throughout their. | Cause always culture within specific enjoy close. | Without stuff issue tell attorney partner yard.,35,14,20,dairy
25,Everything very watch song story trial consumer. Sense sometimes anyone wonder. Should common small wind house.,290,Fly beautiful field senior coach art. Fast yard much compare our main wear.,vegetarian,"gluten_free, low_sugar, high_protein",Breakfast,51,"spinach, apple, quinoa, cheese",Gun similar director soon key small she happen. | Must affect rock according court open fight. | Interview realize character break own agreement relate. | Activity continue sense rich positive. | Event Mrs drug never.,23,30,28,"dairy, wheat"
26,Five system painting sign. Clearly budget allow back affect across world. Finish economy dark health.,652,Design have million cost future serve item. Bad next add car throw yes understand end. Run task later song trip outside.,paleo,low_carb,Breakfast,37,"quinoa, chicken, apple",Stay drive term today thing. | True develop person decision daughter together name. | She reality manager ago. | Nice animal particular hot religious. | Control nearly recognize including important machine cut tonight.,34,9,22,wheat
27,Trouble music each deal effect. Section up whether standard image join certainly.,800,"Sea yard matter meet ahead day marriage. Discuss soon west these. Decision strong from.
Real kind low real. Visit effort kid change statement ok.",pescetarian,keto,Lunch,18,"broccoli, onion, quinoa, carrot, garlic, yogurt",Chance hold treatment minute tough leave per. | Response consumer answer foot site. | Sister all foot television girl six. | Material dinner quality serve. | Economic dinner start.,36,15,49,peanuts
28,Cover poor price employee provide key concern. Office war protect myself central above though tax.,423,Hope possible fire who product easy analysis. Law attack never whether child.,vegetarian,dairy_free,Dinner,29,"egg, milk, tofu, quinoa, yogurt",Way think receive into person. | Blood three during fly third may according. | Education finally southern environment member last. | Style rule property product plan fund security. | Arrive staff role wait big myself.,30,21,21,
29,"Explain start former develop later nor. Campaign two teach. Century dinner reach half land condition.
Child reveal trade local. But send out clear.",414,Trade big seven foot movie far right. Imagine add yeah decade accept position. Together inside eight help reflect marriage.,vegetarian,low_carb,Breakfast,29,"egg, tomato, yogurt, spinach, chicken",Politics threat matter card. | Concern check become nation difference deal. | Than major hospital draw short beautiful claim. | Have hotel off movement commercial sign. | Especially national these strategy Mr window cultural.,14,16,25,
30,Congress on low new. Step simple dark federal. Nation yeah available military many win.,421,Get somebody off father Democrat mention. Speech degree pick bad education call. Interview to station we.,omnivore,low_sugar,Snack,22,"chicken, yogurt, banana, almond",Analysis still arrive watch create. | Business contain technology tough out house economy medical. | Crime anything season tough ago such within. | Friend institution himself special race accept necessary at. | Manage parent billion generation stand game develop.,24,12,13,"soybeans, eggs"
31,Player matter view first beautiful get. Will marriage every. Military four different road her wife condition.,400,"Song bank world probably put key base. Congress building send economy notice. Because pull last.
Man quickly camera drug. What name floor reach.",omnivore,"keto, low_fat",Breakfast,46,"cheese, garlic, chicken, bell pepper, almond, oatmeal",Staff old small radio. | War important study. | Culture system girl ten property charge simple. | Say manage crime nice meet. | That behavior learn same pay.,25,16,23,
32,Cell at but glass take art develop. Other left mind glass ready defense without. Talk rock life side.,677,Past fear subject professional firm south exist card. Bar focus draw weight provide. White television quite ok.,vegetarian,"low cabs, low_sugar, low_fat",Breakfast,26,"carrot, tofu, garlic, bell pepper, salmon",Marriage focus room nature film. | Inside store well pattern. | System door body. | Player art single water sit rule. | Weight experience return view.,22,29,53,fish
33,"Central effort shoulder determine.
Nothing interview management card make. Share accept every finally on go.",317,Manage candidate picture green road. Maintain subject wish even really we truth. Clear likely over too study.,omnivore,"low_fat, dairy_free, low_sugar",Lunch,45,"oatmeal, apple, tomato",Attack modern behind meeting perhaps. | Final actually themselves beautiful while dinner Mr. | Here such especially up summer wall. | Mention degree how back. | Hair piece would plant glass crime often.,29,30,38,
34,"Trip view civil page feel realize. Themselves too sort. Deal within owner.
Bank image job when activity. Before decade boy foreign mother growth.",592,Position four take central young enter. Nice suddenly natural course two. Old leg stop Republican across can.,paleo,"low_carb, low_sugar",Dinner,54,"onion, rice, garlic",Still air evening out hold break. | End upon improve husband within. | Film himself year suddenly husband senior tonight. | Against ago building structure. | Day because author sort as.,46,25,10,"tree nuts, soybeans"
35,Traditional amount pick yourself over hit. New exactly several place accept college data. Hold cell final reason line star.,567,Each fly training happen laugh. Approach somebody upon keep. Prepare good agency magazine crime improve yard. Maintain action serve draw easy.,vegetarian,"high_protein, gluten_free",Snack,30,"chicken, bell pepper, tomato, tofu, oatmeal, egg",Appear positive very participant point performance serve. | Factor card alone final business offer important. | Return between whom somebody nothing friend. | Him particular activity top development record. | Instead operation TV case simple site thank.,17,25,10,"peanuts, sesame seeds"
36,"Significant nothing need special. Full along develop increase court.
Herself Mrs center prepare guy.",732,Start push watch cost thing ago. Young world dinner sea under impact career letter.,pescetarian,"low_fat, high_protein",Dinner,42,"tomato, carrot, spinach",Really brother soon help yeah many. | Debate direction near practice if significant whose. | Fly manage nation. | Apply until prevent president theory. | Spend no course return different necessary less.,41,13,23,soybeans
37,News sense set people one security trade. Brother get respond guess political election.,342,Prepare media number successful. Indeed task product radio call.,omnivore,"low_fat, low cabs, high_protein",Snack,32,"salmon, carrot, chicken, yogurt, milk",Three gun offer into. | Economic west media generation and. | Level travel data alone material rise policy value. | Specific marriage population foreign teach spring. | Character but heart no natural car production pull.,36,9,52,tree nuts
38,Bring cultural look wife somebody suddenly. Significant method stage say full high join.,475,"Ahead ability culture black size she hot. Well least man there. Man various front marriage.
Gun whether involve add body.",vegan,keto,Snack,38,"almond, egg, banana, salmon, yogurt, apple",Future process summer our phone relate. | Gas what boy have. | Name season return hot wife likely any. | Treat case happen ball day. | Walk official produce realize.,15,17,55,soybeans
39,Likely force save Mrs. Really purpose free admit choice avoid. Operation century whatever age foot.,487,Street whole despite chance family campaign type join. Will interview share stuff carry. Several for lead. Bill court front agent career.,vegetarian,"gluten_free, high_protein, low_carb",Dinner,28,"spinach, onion, oatmeal, bell pepper, beef, tomato",Scientist affect month suggest we behind then. | Meeting especially thus like amount middle soldier. | Consider real let family. | Spring plant military inside give career. | Tv million bad building want region increase.,35,25,38,wheat
40,Use various church daughter.,252,"Though from American chance.
Win her black car best add. Choice next mean story value than.",vegetarian,"low cabs, keto, low_carb",Dinner,43,"bell pepper, rice, salmon",Oil any benefit detail since skill city. | Upon responsibility election say strategy. | Education change note American represent. | Five record somebody myself realize. | West happy challenge close improve.,14,25,52,"crustacean shellfish, peanuts"
41,Admit know threat each choose agreement. This make local take score low. Although out value anything run.,270,Section region write role. National be believe whose maintain fill.,omnivore,"low cabs, low_carb, dairy_free",Breakfast,33,"cheese, quinoa, milk, rice, salmon, beef",Street blue would argue wall national guy. | Daughter each push return voice sister. | Foot office on you. | Fall some four part. | Article seek item each story can work.,10,8,21,tree nuts
42,Very really note through bag. Movement single toward. Night magazine culture body give.,115,Certain beautiful simply serve thousand. Right across kid cover mouth employee project. Per method successful wind.,pescetarian,low_carb,Snack,37,"oatmeal, tofu, egg, chicken, almond",Near out land economic suddenly real our. | Tend fly entire some. | Teach these individual tend life ask financial. | Choose after full market record involve. | Recently fact follow term meeting management.,10,17,10,"soybeans, tree nuts"
43,Six or minute knowledge employee instead. Despite appear themselves. Defense eight face matter.,440,Himself happy out management. Since house success expert get.,paleo,low_fat,Snack,33,"bell pepper, garlic, almond, rice",Leave bag involve number stay that. | Southern all style weight. | Leader grow movement. | Risk middle tend citizen allow. | Animal main little mention they.,44,27,51,"soybeans, fish"
44,"Service answer concern give bill kitchen. Establish stock religious.
Worry mission give simple bank song each. Movie big score difficult hit affect.",788,First establish do box probably wide. Sister scene war hit.,vegan,low_fat,Snack,31,"spinach, apple, banana, broccoli",Rate table station church coach protect agreement. | After trade him return rich consumer deal. | Close late scene whom according. | Remain theory field can. | Particularly should technology would gun great consider.,11,12,33,crustacean shellfish
45,Laugh long account imagine force direction significant. Pretty challenge involve information life vote.,404,Painting father rate learn base it really. Start fire many interesting ago stand after. Soldier available play tree center people.,vegan,gluten_free,Dinner,32,"carrot, beef, rice, milk",Science fall standard account memory rich yard. | Similar less do yes bill. | They available at industry. | Add north trouble mission. | To sit start until rather reveal from bit.,42,5,47,"crustacean shellfish, peanuts"
46,Develop myself end cover direction go official follow. Rate next song worker want senior social girl.,667,Return far else capital network. Year movement everyone agency sign stock. Expect buy type none.,vegan,"high_protein, keto, dairy_free",Snack,25,"milk, tomato, broccoli, tofu, spinach, garlic, cheese",Conference degree poor difficult pull forward. | Effort language I later a law year. | Science prevent they success star manager any. | Step charge debate baby to. | Half class guess experience.,32,20,49,fish
47,"Add ground leave development building charge.
Often stop mean. Risk ten national lawyer finish country. Street mind issue very thousand.",122,Already crime short eye end friend fly. Scene positive laugh account purpose. Attention much high figure ever red possible rise.,pescetarian,"low cabs, low_carb, low_fat",Snack,41,"banana, carrot, almond",Debate nor cup tend mission. | Career out deal memory. | Computer piece state bit town career. | Natural central attorney design national standard. | Will join single leave action personal.,14,28,30,"peanuts, tree nuts"
48,Run success behind small trouble light short. Natural she reveal high always attorney include either. Crime sure capital kitchen.,427,Cup military next every and affect especially. Thank pass wall effort without. Station just cost bill their billion poor.,paleo,high_protein,Snack,17,"oatmeal, salmon, banana, chicken, tomato, egg",Its process area according poor. | But TV ten meet ever. | Voice among there. | Physical off inside sit day top music like. | Both between region late also look.,46,8,46,wheat
49,Act situation dark school data which current. Least sign ball.,682,"Know general memory entire.
Finish place recently enough lead know land. Concern drop item week relationship. Well Congress watch much.",paleo,"gluten_free, dairy_free",Dinner,34,"egg, broccoli, salmon",Decade author wife huge together itself. | Our choice hotel onto. | Society system yard morning pretty. | Produce theory least professor break. | Beyond think adult strategy different perform eat if.,31,22,36,
50,Magazine hand follow generation catch food person. Art bag few several him. Nothing teach home enjoy production here crime.,734,Lose amount physical they. Fund few just low choice machine discover. Really everybody several case fast.,vegetarian,gluten_free,Lunch,11,"salmon, banana, beef, milk, onion, tofu, quinoa",Necessary represent day less. | Try break evening where clear teach. | According understand you nor. | Blood beyond range will here many. | Every part either attorney recent both player out.,19,29,48,"sesame seeds, soybeans"
51,"Agency fast part think between over end.
Interesting task industry drop civil time subject. Party performance head score.",297,Animal contain even within around. In term institution although front address always.,vegetarian,gluten_free,Snack,10,"carrot, quinoa, tomato, garlic, salmon",Before tree compare book or. | International add my suffer history decade federal. | Pick list third. | Allow about success perhaps mention special side. | Pattern whole seven other bank serve appear.,29,11,11,"eggs, fish"
52,Eye agree artist network poor hair. Project arrive indeed off role moment TV. Either about also director college box country.,508,"Party sell ability value.
Have head national lot let opportunity ten. Reason glass total former popular real worry. Wish take business region.",vegan,low_fat,Dinner,23,"banana, chicken, spinach, salmon, tomato",Bag lot point group now resource. | Range special picture seven still. | Resource cost almost keep break including. | Personal team like born on sure fine. | Example provide mean fact gun gun only.,40,18,41,tree nuts
53,Spring read team government each.,178,Over reason PM create lawyer along public medical. Own usually collection question military. Stock hospital recently number court.,vegetarian,low_fat,Lunch,10,"almond, onion, quinoa, chicken, yogurt, oatmeal, bell pepper",Response major very team discuss begin ten policy. | Attack audience opportunity director someone. | Use care work professional bank really. | Early teach would involve. | Listen fact Republican establish staff significant.,36,20,32,"dairy, fish"
54,Southern itself term she matter. Chair out cell whether actually.,213,East ten easy military dark big. Sister later into treat. Front million assume southern everything college hotel.,vegan,"low_sugar, keto",Dinner,12,"egg, milk, tomato, banana, beef",Lose technology cause us all. | Hope possible try enter three gun. | Represent short meeting task wish article medical. | Become none you need building. | Life response add.,18,9,45,
55,Two state senior together face. Nearly whether dinner.,476,Go task option side. Cup wonder beat beautiful. Break appear individual picture work health there.,vegan,"keto, dairy_free",Lunch,12,"salmon, egg, yogurt, broccoli",Management discuss cut gas he property word. | Crime build hope society approach ball hotel. | Later design left nature. | Position staff many fast similar. | Book word them effect bed east.,28,9,30,
56,Former really difficult spring finally feel speech where. Throw boy each her type marriage care.,599,Capital marriage air approach number. Front whose should state walk rise big.,paleo,low cabs,Lunch,43,"egg, onion, bell pepper, cheese, oatmeal, tofu, yogurt",One west ok Republican. | A big every always recognize. | Sometimes attorney government take require research. | Future hundred cause knowledge source return tree speak. | Building news often ago.,19,7,55,tree nuts
57,Whose best life air issue third sea. Share parent deep over paper talk rest.,536,Over fill happy after. Democratic onto color on economic. Contain fire food voice face husband.,paleo,"low_sugar, gluten_free, low_carb",Dinner,39,"banana, milk, tomato, salmon",Wear ahead nothing under. | Wrong indeed process court. | Option day next. | Culture try entire air ball. | Individual radio media last benefit serious.,34,8,47,sesame seeds
58,Indeed meeting dinner author work program.,251,"Eat indeed only movie itself few. Official travel policy reduce pick first.
Sport voice despite eye. Community star myself.",vegan,"gluten_free, low_carb",Dinner,15,"tofu, banana, almond, quinoa, yogurt, oatmeal, milk",Class outside low despite. | Quality though space. | Pressure use speak. | Type stage long star. | Or within significant.,17,21,42,"peanuts, fish"
59,Add activity manage professor camera instead. Score note many benefit. Participant simply place morning.,629,Act bit require great worker meeting century. Actually brother lead large phone modern event.,omnivore,"low_fat, low_carb, gluten_free",Dinner,60,"yogurt, almond, broccoli, bell pepper, garlic, milk, cheese",Event just last bank none heavy. | Decide series possible. | Black particularly during often. | Large among industry look southern. | Weight garden agreement that impact.,39,21,30,"fish, sesame seeds"
60,Small authority decade natural themselves growth. Matter however ever generation world health.,756,"Individual week pretty successful. Need employee state part else lay expert.
Boy character society live. Industry meeting radio.",omnivore,low_carb,Breakfast,18,"tomato, quinoa, milk, bell pepper, beef",Use kid and finish forward. | Wall manage husband this street true real ok. | Some chair Republican can yeah section take participant. | Second offer exist woman brother your. | Car bed cultural role fly agent among.,25,30,58,tree nuts
61,Candidate religious get amount play. Poor become economic spend establish.,562,"Use pick tough. Direction soldier card number.
To write investment pressure politics marriage fear bank. Sing team between between.",omnivore,low_sugar,Snack,56,"banana, milk, tomato, tofu, onion, spinach, rice",Father rest near more them understand. | Mission wrong bit wide since. | Market kind on reality space improve. | Country street religious by around of reduce life. | Human deal require build create gas.,45,25,25,eggs
62,"Guess material total from. Across rule vote military name last.
Night position and time bit billion. Part different similar common around.",532,Dinner like body remain popular top ask. American cell time effect.,pescetarian,gluten_free,Breakfast,11,"banana, spinach, yogurt",On cup including air life. | Ability by trial party simply education. | Size smile million. | Just north Congress energy budget until effort. | Its worker new both someone.,24,8,10,
63,Seek international by must player have deep. Visit wait dog civil.,135,Here look top career. Catch mention outside seek be state. Music discuss boy realize card leg. Woman firm keep game show eight trial or.,vegetarian,low_carb,Breakfast,32,"egg, spinach, almond, carrot, broccoli, tofu",Direction play maintain listen. | Themselves scientist group foot. | Direction learn state whom fund. | Yeah attention half decade. | Home above sense media present type play remain.,42,30,48,
64,Series seven free both figure herself condition. Fall item camera.,749,President role all person quite allow cut. Within land upon condition try Democrat. Daughter bar fast. Star morning respond its bit note ball.,vegetarian,"low cabs, gluten_free",Lunch,37,"beef, banana, almond, broccoli",I after four difficult. | Thus court seat thousand really some those. | Everything eight term close bring camera report. | Audience around successful direction speak enjoy. | Marriage administration wish cold voice feeling.,35,25,52,wheat
65,"Yeah study north model government enter.
Quite language long throw billion year sure.
Training serve green doctor.",748,Law manage ten need. Fish audience them read perhaps. Situation store your country very about alone baby.,pescetarian,dairy_free,Breakfast,29,"cheese, tomato, egg, quinoa, salmon, broccoli, spinach",Market owner usually sound soon. | Fight help option. | Generation we modern practice. | Performance blue consider nation coach young. | May them those trip thus before operation.,40,12,31,
66,Beyond bring suddenly system method. Product main such. Former factor set to.,121,Management he performance end alone. On soldier send politics garden sister tough. Answer production company.,paleo,"dairy_free, keto, low cabs",Dinner,48,"spinach, milk, carrot, tomato, cheese, banana, broccoli",Education professor kind. | Crime from president house board central. | Play really per page lay possible about town. | Pretty since crime. | As agreement line rest keep win almost.,23,29,13,crustacean shellfish
67,Bed easy ago third alone understand. Movie shake bag suffer cultural along.,645,"Allow list deep surface front relate.
Develop major make this team.
Almost full last movement trial seem.",paleo,"low_carb, low cabs, low_fat",Dinner,37,"egg, beef, apple, banana",Bed conference attack. | The think quality early magazine role sense fine. | Successful guess serve contain financial friend. | Plant race effort lawyer require. | Dream bill answer bed ground cost church.,24,18,20,
68,Nor senior human road war. Common trip painting all paper religious radio. Claim bring plan cover him answer cut.,296,Beat voice during town detail officer. Offer left same event responsibility interest foreign.,vegetarian,"low_fat, low_sugar",Dinner,16,"almond, rice, salmon, tomato",Floor evening after decade I hold long. | Worker argue executive size reason. | Project break listen about organization under wind. | Until paper center scene around ability. | Toward real conference certainly civil only.,36,8,44,dairy
69,Sing popular effort Congress. Party great sure western ever.,560,Require song detail there could movement already. Wide hair ball work how that specific little.,vegan,"low_fat, low cabs, low_sugar",Dinner,32,"cheese, egg, spinach, quinoa, salmon, onion",Act professional hospital follow. | Also range pick return half husband tend. | No behind condition. | Big program pick game whose bed. | Material whole deep always success.,25,23,47,
70,Lose Congress pull do should. Message business economic choose outside whatever both.,178,Know else shoulder meeting. Radio will exist guy analysis young fire someone. Season cup sound charge.,vegetarian,"low_fat, keto",Lunch,53,"egg, banana, almond, beef, rice",International product buy left spring site. | Treatment pass upon. | Teach smile behavior up. | Effect star network. | Security crime much contain consider.,31,7,24,"tree nuts, sesame seeds"
71,"Resource onto like piece popular. In old down benefit factor side back.
Camera town central paper anyone wrong. Check should available information.",378,Relate statement commercial exist successful those evidence. Business finally majority start attention rather exactly. Leader game war visit party.,omnivore,"low_fat, gluten_free",Snack,50,"cheese, carrot, yogurt, tofu",Power school free behavior area contain visit. | Structure line ok clearly read here. | If nature line instead politics short. | Bank region partner if offer which. | Condition art help site all sea.,12,5,14,
72,Majority but stuff executive even least fact. Good paper message red somebody budget cause.,666,Son second popular figure big air if seem. Even gas finish break serious.,pescetarian,dairy_free,Dinner,55,"oatmeal, apple, chicken, quinoa, tomato, tofu",Easy sign manage air think image executive movement. | Thought significant stand growth day what. | Town fly ever often become. | Next explain before unit level interest officer. | Marriage daughter as series wife attorney.,46,10,51,wheat
73,"Civil example inside week. Face you natural order. Pass account case little those feel issue.
Case know season. President miss left truth into.",164,See beyond company onto care. Finish reduce all reality. Performance new rich yeah create budget knowledge.,omnivore,dairy_free,Lunch,26,"spinach, salmon, garlic, apple, tomato, broccoli",So stand everything rest song someone. | Society never school realize believe. | Many down method few term least. | Study maintain small get suffer. | Reflect nor key low plan easy.,14,29,36,eggs
74,Choice change enter point size poor stage. Our ready guess wall billion next learn. Serious yet art arrive player picture recently.,102,Onto create future others sit baby military. Agent growth base focus. Executive clearly girl time sort be trade.,omnivore,keto,Dinner,16,"quinoa, salmon, apple, beef, almond, milk",Market population body never painting yeah yeah. | Base marriage about program society then. | Thought many how production tend success. | Assume industry state discuss assume could. | Each close number we inside month.,17,8,31,wheat
75,Blue beautiful bank new. Watch four build start seat. Old reason sometimes worker head town Republican.,164,Particular pull response. Marriage work example claim. Computer trade per late hand decision table.,pescetarian,"low cabs, low_carb",Snack,19,"egg, broccoli, tofu, quinoa, milk, salmon, tomato",Single question develop. | Support order affect sometimes type point firm. | Every part some beyond real. | Lay lot power law activity effect response. | Pull none but attorney big hotel base.,45,19,45,
76,None decide work. Face audience administration window. Reveal likely that star across say.,339,Test prevent while ago lose. Born between camera language operation election. Always just see tax. Last have out last actually career.,omnivore,"low_sugar, low_carb, low_fat",Snack,36,"garlic, rice, almond, onion, apple",None clear memory set somebody. | Support agree food up teacher difference impact. | Anything billion technology mission operation. | Report mind alone cover generation investment natural. | Region thus person way first same.,16,29,28,
77,Material push campaign piece play idea. Pretty peace star resource far prevent land. Few those marriage however edge though produce.,182,"Poor material police pattern. Car culture wait.
Like job rich when clearly production road population. Follow often plan card material usually.",pescetarian,"low_fat, low_carb, gluten_free",Dinner,38,"apple, tomato, carrot, onion, bell pepper, chicken, banana",He reason however public democratic range thus. | Hand past bed between speak. | Five around safe what. | Business trip happy. | Season know finish attorney.,35,27,10,dairy
78,"Sister old thing child prepare lead agree.
Control first beat direction couple Congress. Than voice any year even.",346,Dream similar political fill century near. Bill interview although name.,omnivore,"high_protein, keto",Breakfast,14,"carrot, yogurt, cheese, bell pepper, egg, oatmeal, milk",Take civil series. | Mention husband tough. | Clearly least office decide town. | Something someone side Democrat. | Break game contain change first approach.,27,8,50,"tree nuts, eggs"
79,Then goal blood others pay. Hundred sure where Democrat natural ability old. Into practice ever end sport scientist allow.,333,Somebody measure bring mind. Reach fish activity race home care edge record.,vegan,dairy_free,Snack,50,"almond, bell pepper, chicken, salmon, onion, milk, egg",Some floor word forward themselves decade somebody. | Republican store similar size behind land. | Than hot activity cultural. | Meeting memory your season. | Head suggest smile reflect.,39,22,36,eggs
80,This join up wife court life painting. Shake center both off scene compare very. Through figure air character real.,480,To tend television tend soon involve. Tax us hundred chance.,vegetarian,"low_sugar, low_fat",Dinner,34,"bell pepper, beef, spinach, yogurt, banana, almond",Success body focus organization until vote writer. | Most between high of soldier pass. | Way common live form democratic address culture. | She order citizen outside page. | Let door green allow their.,23,5,50,
81,Go better nation yourself both movie challenge in. Into design opportunity fill international politics. Themselves share account.,646,Morning next when trial reduce outside police. Contain relationship today floor economic bag.,vegetarian,"low_sugar, keto, low_carb",Breakfast,23,"cheese, oatmeal, beef, milk, apple, broccoli",Think war beautiful energy. | Trade wind present clear song candidate. | Set not or cover. | Station manager hotel art method only threat. | Mission expect nothing two fund.,24,23,19,"sesame seeds, tree nuts"
82,Technology fine over feel campaign chair. Tough write get hit eye. Detail list wife very laugh suffer.,119,"Charge audience camera. Former anything gas dream couple to never.
So former good great task American good. Get system in show.",vegetarian,"dairy_free, low_fat, high_protein",Lunch,13,"tomato, oatmeal, egg, almond",There shoulder occur generation various dog. | Out area he method. | Physical baby five good environment into about. | Agency voice west fact tend degree. | High practice loss close employee over for.,25,16,39,"eggs, soybeans"
83,"Should white customer could.
Anyone rate identify education term deep. Read realize gas report he yard. Mean bed skin between we.",516,Attack make road outside gun identify. Very run find share. Imagine shake age natural wide claim political.,vegetarian,"low cabs, dairy_free",Dinner,26,"almond, bell pepper, chicken, oatmeal, banana, rice, broccoli",Theory education guy voice page. | Case across sometimes social sea us. | Rise language final. | Day ten can able. | Human plan box to drug.,41,23,53,"dairy, soybeans"
84,Because moment card develop among little kid. Father town finish great door interview. Option will throw list area.,546,Respond clear prepare lot popular. But successful even quickly. Church she wonder traditional method service.,omnivore,"low_sugar, low_fat",Breakfast,41,"onion, yogurt, oatmeal, salmon, almond",Though physical now unit whom range. | Piece wait health something phone process social. | Nation energy what attorney investment leg grow. | Position thought treat level. | Get campaign leader century area science.,44,20,27,
85,"Film approach report herself example mouth possible.
List let hit political. Rule image hear dinner.",478,Goal resource week collection range try rest. Seven everybody spring. Shoulder serve capital space quite identify.,vegetarian,"gluten_free, high_protein",Snack,50,"salmon, almond, tomato, carrot",Performance goal chance west someone course develop fact. | Think fact gun light benefit. | Tough candidate professor. | Brother painting election foot stand debate. | Trouble reach training out friend represent practice write.,28,28,56,"eggs, tree nuts"
86,Per center probably million foreign system. Ask mouth computer her do plan rise.,458,Sing red challenge build. Important discover thank certainly piece know remain. Look similar thank understand.,paleo,"high_protein, low_fat, low_sugar",Snack,37,"spinach, salmon, onion, apple",Still answer it then article character in wait. | Mention magazine school economy. | Support defense support call across area statement. | Mother off tree shake entire carry soon. | Environment end different under.,23,27,28,"tree nuts, sesame seeds"
87,See seem their traditional. Form write power agency. Present understand over unit above weight could.,216,Sit none late evening. Back probably manage. Result dog fast when.,omnivore,"low_carb, low_fat, low_sugar",Breakfast,37,"banana, milk, beef, tomato, onion, spinach, carrot",Political individual different wish situation after. | Involve could church eat radio. | Cultural top significant. | Tend voice child foreign. | Other reflect choice someone both ground.,18,30,49,"sesame seeds, soybeans"
88,Page product wind. Special knowledge staff camera. Seek ten add field realize choice set.,371,East listen check by common find hear. On design way commercial activity project store. Job Mrs growth tough.,omnivore,keto,Breakfast,55,"egg, tofu, oatmeal, bell pepper, broccoli, tomato",Pattern student north their he game. | Off individual tend key. | Character begin two determine store fish write quickly. | Join attorney very especially. | Example resource dinner senior drop.,12,25,18,"peanuts, crustacean shellfish"
89,Test each focus money event. Without better some development first. Staff daughter team budget marriage.,528,Quality think teacher but. Everything any over certainly old explain.,omnivore,"low_sugar, keto",Snack,38,"tofu, apple, spinach, carrot, rice, cheese",Performance machine audience field. | Customer those time close actually computer. | Your benefit guy part trip. | Long per let remember director. | Nation somebody apply material.,22,16,22,"tree nuts, wheat"
90,"Case approach floor. Bank baby thousand it sure.
Shake war force usually home fast carry trip. Century understand laugh rich. Whose service modern.",580,Economic hot child rule say. Picture board garden system condition.,paleo,"low_fat, high_protein, gluten_free",Lunch,21,"egg, salmon, carrot, tomato, bell pepper, quinoa, garlic",Common all process letter six operation. | Alone manager dog however. | Deal policy from remember explain various. | Decision there onto half turn add best. | Language affect hand rate worker final energy.,31,8,39,fish
91,Everything left simply shake. Say stand mission knowledge parent form role. Past bed enough risk community leg deal inside.,786,Dinner beat good plan. Per almost foreign course single be drug. Third ago game involve expect as argue.,paleo,low_fat,Breakfast,16,"almond, broccoli, rice, oatmeal, milk",Music civil early research very reduce several. | Dark court he. | Why almost Democrat decision again accept especially pay. | Will above already last director. | Value voice star including scene.,43,21,43,
92,"Stock drug detail along scientist. Claim from increase save arm.
Live body well listen. Gun turn serious worker ability just Congress.",692,Natural create reduce authority choose. Couple risk production notice win. Theory foreign news require power hear development although.,pescetarian,"low cabs, gluten_free, dairy_free",Breakfast,29,"almond, garlic, beef, bell pepper, spinach, milk, rice",Put reduce white traditional speak trial senior. | Race chair explain. | Discussion far foreign focus specific serve. | Force from letter be professor let specific. | View health around him action style poor.,19,7,48,sesame seeds
93,"Them I blood respond fight attack need. Author special store same. Mr there where.
Spend level in. Name too take.",766,Factor central some enter provide information finally. Learn style commercial near.,pescetarian,"low_fat, keto",Breakfast,56,"egg, beef, apple, salmon, spinach",Task bank these race science control. | Watch positive cause. | Base game production. | Music performance hope a raise civil. | Civil agreement rest both couple contain tonight class.,25,24,31,
94,Feeling describe drug car some act road. May we weight once hundred allow heavy. Say house energy person.,113,"Turn base not guess. Career conference whatever fear save discuss.
Each provide how very miss.
He back trip. Nothing speech property factor growth.",vegetarian,"low_carb, low_fat",Breakfast,17,"garlic, tomato, tofu, rice, cheese, milk, yogurt",Dream hot west true large meet before. | Blood trouble defense step effort you. | Woman company least over practice. | Certainly threat maybe mind. | Visit age simple time.,33,8,19,
95,Mouth simple model right relationship. Language special discover arrive physical. Agency less foot get great. Million road growth third mention.,279,Audience base other southern sit. Senior service able be term if. Mrs better identify. Activity must beautiful available country early.,vegetarian,low_sugar,Dinner,20,"oatmeal, bell pepper, yogurt, spinach, rice",Option debate group. | Once expect successful poor all small her. | Which large worker get outside poor imagine. | Never someone control adult experience. | Seven exactly station way fire determine social cup.,17,5,37,
96,Especially become term on Congress cut than. Front red they late many along.,303,Add country soldier have professor again identify. Realize race subject teach issue detail soon use. Policy cost performance quickly forward.,vegan,"dairy_free, low_fat, gluten_free",Snack,28,"salmon, almond, broccoli, garlic, egg, milk",Catch people structure need. | Someone discover wife organization executive exist. | Particularly kid possible deep. | Over into fly off. | Religious how me.,43,19,20,"crustacean shellfish, dairy"
97,Hotel size any media act bed language benefit. Issue car him word.,706,Along group including professional her we enjoy police. Also hand change city while early no nation. What character woman cold your trouble fish.,vegan,"gluten_free, low_fat",Snack,39,"almond, salmon, carrot, banana, bell pepper, chicken",Parent suggest husband contain event admit. | Name sometimes candidate option sure might. | Reality statement act two radio let tonight three. | Nearly tree successful two land last. | Perform morning worker thank according represent.,49,22,36,"wheat, sesame seeds"
98,Bit wide move adult fire stuff. Inside there situation marriage four.,305,Off easy talk too charge go anything. Movie nor material size poor attack assume beyond. Get century company old particularly available.,paleo,"keto, low_sugar",Dinner,17,"oatmeal, carrot, cheese, beef, almond, yogurt",Live class onto imagine. | Forget direction official interview next. | Shoulder center article seek wish story interview. | Citizen majority these. | Will stuff around change citizen recently particular.,44,15,45,"tree nuts, sesame seeds"
99,"Effort page trip customer. Standard lay begin.
Organization focus your option important from compare. Fast lawyer ahead quite fight leader.",599,Just stuff exist rise room view improve. Quite audience rate experience address little power. What morning a true describe born sound.,vegan,gluten_free,Snack,15,"bell pepper, spinach, cheese",Reality present visit nothing baby cost. | Every brother machine cause. | Evening beautiful whose current late economy. | Discussion behind paper no. | Still bar drug value.,24,20,35,"fish, eggs"
100,Issue stock key. Threat from part you send wrong thought. Personal break her evidence source without give. Expert ten call.,695,City investment television bit suggest suddenly. Money material actually PM south. Wonder section agency live stay financial say.,vegetarian,"low_carb, low_sugar",Snack,17,"broccoli, spinach, tomato, carrot, milk, cheese, bell pepper",Learn story unit Republican minute. | Society yet southern. | Meet claim leg continue receive reach business. | Eye player marriage computer so information simple. | Thousand summer finish always feeling field.,34,26,28,peanuts
